"Countries","Adult_Literacy","Internet_Users","GDP_Per_Capita","Immunization_DPT_Children","Prevalence_HIV","Population_Growth_Annual","Infant_Mortality_Rate","School_Enrollment","High_Tech_EXP","Unemployment_Female","Urban_Population_Total"
"Data Source",NA,NA,NA,NA,NA,NA,NA,NA,NA,NA,NA
"Last Updated Date",NA,NA,NA,NA,NA,NA,NA,NA,NA,NA,NA
"Country Name","2014","2014","2014","2014","2014","2014","2014","2014","2014","2014","2014"
"Aruba",NA,"83.78","25528.4037804428",NA,NA,"0.587492389430341",NA,"117.10809","5.44921110825258",NA,"56.959"
"Afghanistan",NA,"7","625.3395388285","62",NA,"3.18320145523634","56.7","107.36793",NA,"13.2880001068115","75.413"
"Angola","66.0301099999999","10.2","5412.6923476178","55","1.9","3.48541253470949","60.9",NA,NA,"7.65399980545044","37.269"
"Albania",NA,"60.1","4578.66793446159","98","0.1","-0.207046999760594","8.6","107.67276","0.120347981733419","15.1120004653931","43.577"
"Andorra",NA,"95.9","42294.9947269717","97",NA,"-1.95617789444492","3.5",NA,"18.6113357650062",NA,"11.559"
"Arab World","73.32167","36.4579583655274","7456.59817269612","84.5138636525639",NA,"2.18519686056942","29.3027041945133","95.15878","3.35589770129314","19.1010266922076","42.4423946952437"
"United Arab Emirates",NA,"90.4","44443.0615141941","99",NA,"0.714762520858884","7.2","104.89406","8.46340885062954","6.83799982070923","14.625"
"Argentina","98.9938899999999","64.7","12245.2564487696","94","0.4","1.03270928221435","10.7","109.97317","6.87639172294696","8.39999961853027","8.623"
"Armenia",NA,"54.6228058583362","3994.71235479566","93","0.2","0.438331527278028","13.1","96.71612","2.70033218674106","19.4729995727539","36.888"
"American Samoa",NA,NA,"11598.7517362051",NA,NA,"0.234775806748866",NA,NA,NA,NA,"12.712"
"Antigua and Barbuda",NA,"67.78","12900.9030032308","99",NA,"1.06864803793939","6.2","87.75017",NA,NA,"74.825"
"Australia",NA,"84","62327.5559390333","92","0.1","1.53587885355185","3.3","106.07004","13.5987282005105","6.16200017929077","14.398"
"Austria",NA,"80.9958249574764","51704.5411875921","98","0.1","0.781541632525841","3.1","101.38857","13.8805613897353","5.38000011444092","42.474"
"Azerbaijan","99.78899","75.0000156363396","7891.31314749986","94","0.1","1.24820899735588","25.1","106.05989","7.0024690956921","5.83900022506714","45.578"
"Burundi","61.56973","1.38","273.538284989312","95","1.2","2.99226468715451","48","137.89885","1.28347145259199","1.13900005817413","88.224"
"Belgium",NA,"85","47351.9741788818","99",NA,"0.234370843738166","3.3","103.64779","12.8109517773418","7.93699979782104","2.167"
"Benin",NA,"6","943.686575031401","78","1.1","2.78228712901218","68","129.59724","4.12637971494542","2.84999990463257","54.834"
"Burkina Faso","34.5994","9.4","703.821656461717","91","0.9","2.96197793879113","56.1","87.33811","10.649782456763","9.52600002288818","73.066"
"Bangladesh","61.0933","13.9","1084.56542980269","97","0.1","1.15718802793056","31.5",NA,NA,"7.15299987792969","66.465"
"Bulgaria",NA,"55.49","7864.76067225524","88","0.1","-0.568389264052903","7.4","98.5419","6.88225822262465","10.3990001678467","26.349"
"Bahrain",NA,"90.5031334814656","24983.3790153356","98","0.1","1.58280223356287","6.6","99.68311","1.48318203376337","3.91499996185303","11.085"
"Bahamas, The",NA,"76.92","28671.3469695344","96","2.1","1.29813294741223","6.9",NA,NA,"14.6499996185303","17.332"
"Bosnia and Herzegovina",NA,"49.9177324336354","5204.24371841169","86",NA,"-1.08764130510763","5.4",NA,"2.39656652109338","31.1520004272461","53.16"
"Belarus",NA,"59.02","8318.51268992675","97","0.3","0.0899025577714443","3.2","98.29207","3.92901658370192","0.49099999666214","23.307"
"Belize",NA,"38.7","4813.7180332903","95","1.8","2.15937975511087","14.1","111.73019",NA,"19.7150001525879","54.665"
"Bermuda",NA,"96.8",NA,NA,NA,"0.21230442608573",NA,"87.476","27.791522998187",NA,"0"
"Bolivia",NA,"34.6","3124.00030982516","85","0.3","1.54465176979555","31.1","97.35941","8.0741959239706","2.85199999809265","31.953"
"Brazil","91.7294299999999","54.5510018796392","12026.6193906313","93","0.6","0.887563333488748","14.5","114.25471","10.6149903156043","8.11800003051758","14.508"
"Barbados","99.5999999999999","75.16","16261.7993189477","94","1.5","0.309598864704529","12.4","93.63142","16.4432838112507","12.7130002975464","68.672"
"Brunei Darussalam",NA,"68.77","41530.6689792581","99",NA,"1.46512370980213","9","105.20142","7.76284470093733","8.09099960327148","23.668"
"Bhutan",NA,"30.3","2522.79495302098","99",NA,"1.49048210511718","28.6","100.2218",NA,"3.66100001335144","62.082"
"Botswana","87.7","36.74474744423","7493.75292370659","95","23.1","1.86485525679638","34.4","105.36212","0.233371585117103","21.07200050354","33.632"
"Central African Republic",NA,"3.6","377.1321263233","47","4.3","0.349172211364049","93.9",NA,NA,"6.95100021362305","60.041"
"Canada",NA,"87.12","50633.2088224323","91",NA,"1.08358780888313","4.7","101.77148","13.5609397242265","6.38700008392334","18.782"
"Central Europe and the Baltics",NA,"66.4950362490394","14147.997798738","95.9944744651528",NA,"-0.209757192601487","5.07893239405104","98.03075","10.5588668267097","9.16423630705973","37.8863548572262"
"Switzerland",NA,"87.4","86605.5633762421","96",NA,"1.22010397343287","3.8","103.24147","26.3986085526937","4.99100017547607","26.304"
"Channel Islands",NA,NA,NA,NA,NA,"0.485316915399181",NA,NA,NA,"7.68200016021729","69.005"
"Chile",NA,"61.11","14794.315829612","95","0.5","0.859924596072624","6.9","98.09957","6.34857830165895","7.12599992752075","12.697"
"China",NA,"47.9","7683.50261309118","99",NA,"0.506311591779847","10","99.2027899999999","25.3722763182791","3.99900007247925","45.741"
"Cote d'Ivoire","43.90842","19.2742298","1568.62762832733","73","3","2.53976657207964","69.5","88.12073","3.72122192958535","3.56500005722046","50.986"
"Cameroon",NA,"16.2148722257524","1571.18253466367","87","4.1","2.66187609259836","60.3","116.2432","4.91521224614781","5.28599977493286","46.024"
"Congo, Dem. Rep.",NA,"3","487.081486881176","80","0.9","3.31917585896345","76.1","110.24369",NA,"4.3769998550415","57.82"
"Congo, Rep.",NA,"7.11","2910.52022576864","90","3.2","2.48821513602493","38",NA,"1.98498516005602","10.7209997177124","34.915"
"Colombia","94.18625","52.57","7974.40637302503","90","0.5","0.943782712812734","14","113.74613","7.71173024339459","11.1820001602173","20.585"
"Comoros",NA,"6.98","1511.82603748603","87","0.1","2.38337335884995","56.4","104.97489",NA,"4.64499998092651","71.662"
"Cabo Verde",NA,"40.26","3532.99352680108","95","0.6","1.2099029339253","17.9","100.15242","0.00294880631696675","11.2110004425049","36.19"
"Costa Rica",NA,"53","10630.9979007564","91","0.3","1.08145876014323","8.3","110.78713","36.0495342201541","11.58899974823","24.059"
"Caribbean small states",NA,"48.4072687506325","10121.3104823512","93.0962733485194","1.63025555751696","0.615138206978386","17.9074884414239","100.17888",NA,"14.451276859857","49.2974815483145"
"Cuba",NA,"29.0701843656523","7050.49324868243","99","0.4","0.24155516482978","4.3","101.61048",NA,"3.13599991798401","23.139"
"Curacao",NA,NA,NA,NA,NA,"1.34764139563651",NA,NA,NA,NA,"10.557"
"Cayman Islands",NA,"74.1",NA,NA,NA,"1.36292658726405",NA,NA,NA,NA,"0"
"Cyprus",NA,"69.33","27400.802986104","99","0.1","0.732777573913945","2.4","99.15272","6.22515698476506","15.0179996490479","32.969"
"Czech Republic",NA,"74.2317116367383","19744.5586092159","97","0.1","0.105277581527518","2.5","98.63239","14.9178521816342","7.39400005340576","26.616"
"Germany",NA,"86.19","48042.5634346518","95","0.1","0.416877359168292","3.3","101.45734","16.0024056209854","4.63000011444092","22.81"
"Djibouti",NA,"10.71","1595.1463648488","78","1.4","1.7111823002921","56.1","65.11536",NA,"6.74499988555908","22.686"
"Dominica",NA,"57.5","7193.66811093706","97",NA,"0.520741233781453","26.6","117.94911",NA,NA,"30.72"
"Denmark",NA,"95.99","62548.9850174371","94","0.2","0.507053283010163","3.6","101.30037","14.4205665622217","6.82200002670288","12.59"
"Dominican Republic","91.76376","49.58","6348.83776943483","91","1","1.20412492848268","26.8","100.65453","3.72964282418433","9.47399997711182","22.33"
"Algeria",NA,"29.5","5466.42577841535","95","0.1","2.00066645791365","21.8","118.33927","0.156630406424722","17.0699996948242","29.779"
"East Asia & Pacific (excluding high income)","95.12328","42.0464015786606","6303.61498827963","91.9398865611446",NA,"0.729857359221924","15.6541049882271","102.36109","25.6158611060874","3.59857316927568","48.3085958277644"
"Early-demographic dividend","77.6761","25.5160900112785","3430.19455275031","83.311893928412","0.775520002227743","1.43176462811196","33.7844247579001","105.84249","8.4571392349323","6.15652582878881","56.3938818778266"
"East Asia & Pacific","95.51643","46.8366418501962","9663.42318681738","92.1903087252372",NA,"0.685266992402077","14.8","102.20806","24.1684826775804","3.61476187857556","44.4426489439137"
"Europe & Central Asia (excluding high income)","98.82647","56.8437708841667","9851.28311742169","90.6056361844168","0.59573805624539","0.591417381320667","13.5499235635803","101.11406","10.1559482510677","7.09163768922225","33.7526704762792"
"Europe & Central Asia","99.00192","68.9972078865969","26197.3138320991","93.1821561258745","0.428567834087343","0.471887812284663","9","102.209","15.6226838161722","8.88338847250284","28.5648828818266"
"Ecuador","94.22264","45.5903906666095","6396.63048339218","83","0.3","1.53063409440029","13.4","113.30777","4.90210087238667","4.14400005340576","36.739"
"Egypt, Arab Rep.",NA,"33.8946039115275","3327.75424726108","94","0.1","2.20814280790223","20.9","101.12775","1.310143372848","25.5240001678467","57.161"
"Euro area","98.8867","77.1195896541016","39823.5057751243","96.5492253129601","0.274530107320188","0.338173340608677","3.22859010050705","102.06621","15.5342344093278","11.7591156597756","23.8718620168773"
"Eritrea",NA,"0.99",NA,"94","0.6",NA,"34.7","55.70903",NA,"7.10400009155273",NA
"Spain","98.09372","76.19","29623.1644451343","97","0.4","-0.298951059088036","2.8","104.19871","6.99704084819899","25.4300003051758","20.634"
"Estonia",NA,"84.2415280294352","19949.5813766971","93","0.6","-0.262256175097854","2.6","97.8086","11.4398894043637","6.80800008773804","31.731"
"Ethiopia",NA,"7.7","571.162275886001","61","1.1","2.57906830567915","46.1","99.9231999999999","8.09642964088818","7.21700000762939","81.002"
"European Union","99.08536","77.3122650934853","36670.8222950305","96.2275531249927","0.249966393834235","0.310441465812588","3.64721255508479","102.64997","15.5800664509833","10.3050283420792","25.1826841211596"
"Fragile and conflict affected situations","61.32968","12.4053529861848","1806.31888394979","72.6919915621046","2.6703563852514","2.38288549687987","56.455012487889","97.74467",NA,"9.01053446981198","60.1440849901438"
"Finland",NA,"86.5303927529377","49914.6186421589","98",NA,"0.413560207519414","2.1","100.61554","7.86140087174612","7.94600009918213","14.825"
"Fiji",NA,"37.4","5061.39757456886","99",NA,"0.689997362346706","20.6",NA,"2.07843118247295","8.51099967956543","45.784"
"France",NA,"83.75","43008.6525700318","98","0.5","0.479814388342675","3.4","102.10138","26.0927856598234","10.0290002822876","20.606"
"Faroe Islands",NA,"93.3","57543.6690591516",NA,NA,"0.194694135627489",NA,NA,NA,NA,"58.499"
"Micronesia, Fed. Sts.",NA,"29.65","3057.24558957843","77",NA,"0.301371805775894","29","97.62538",NA,NA,"77.601"
"Gabon",NA,"38.07120929","9692.18212474344","70","4.2","3.1652928567747","38.5",NA,NA,"28.7950000762939","12.349"
"United Kingdom",NA,"91.61","46783.4692171284","95",NA,"0.753349499398544","3.8","107.55789","20.647166584182","5.82000017166138","17.635"
"Georgia","99.58619","44","4429.6500748497","91","0.4","-1.30616277861329","11.5","105.07653","3.0194983350171","10.4259996414185","42.933"
"Ghana",NA,"25.51773743","1987.98336285419","98","1.8","2.31233604659415","40.7","105.3654",NA,"2.34200000762939","46.581"
"Gibraltar",NA,NA,NA,NA,NA,"0.610000565422472",NA,NA,NA,NA,"0"
"Guinea","32.00386","6.4","743.591287839295","34","1.6","2.3040396436434","61.6","93.9271","4.86238389162614","3.47399997711182","65.164"
"Gambia, The",NA,"15.56","656.496762958177","96","1.9","3.0992828967515","44.2","88.24853","0","12.6829996109009","41.472"
"Guinea-Bissau","45.58116","3.32","610.468490212169","87","3.7","2.5974983187932","61.4",NA,NA,"6.7519998550415","58.285"
"Equatorial Guinea","95","18.86","19245.651511712","24","6.4","4.12842100344897","71.5",NA,NA,"6.02799987792969","29.917"
"Greece",NA,"63.21","21760.9797994918","99","0.2","-0.666113290031891","3.6","93.95465","10.3159710085386","30.2240009307861","22.298"
"Grenada","98.5999999999999","51.6","8569.92673380413","97",NA,"0.424933154285576","14.4","103.11044",NA,NA,"64.062"
"Greenland",NA,"66.7","50408.3345548258",NA,NA,"-0.333398666658893",NA,NA,"4.36130539195064",NA,"14.187"
"Guatemala","81.2859","23.4","3687.76376676599","73","0.5","2.07715182146065","25.5","102.57987","4.96363015145795","3.67199993133545","50.366"
"Guam",NA,"69.27","34404.5673958016",NA,NA,"0.368455209555819",NA,NA,NA,"8.20600032806396","5.551"
"Guyana","85.63973","32","4031.53193884817","98","1.7","0.698273067269946","28.3",NA,"0.216736803707852","15.1960000991821","73.586"
"High income",NA,"77.9290411155751","41598.0785770645","95.5731062612017",NA,"0.627685011514117","4.9","102.39523","16.7960463041304","7.55014865963122","18.9949694475042"
"Hong Kong SAR, China",NA,"79.8662704309064","40315.2855640552",NA,NA,"0.702370950536049",NA,NA,"9.85112798187429","2.9760000705719","0"
"Honduras","87.19753","19.08","2242.70745940423","97","0.4","1.73395300173024","17.3","95.12915","2.41895953076314","6.98099994659424","45.486"
"Heavily indebted poor countries (HIPC)","59.41668","10.3648915367153","952.295923322624","77.693077387857","2.77142205742331","2.82220669459421","54.4522993692192","100.88275","4.59064375157263","6.46421233966231","65.8568501116942"
"Croatia",NA,"68.57","13606.8934415442","95",NA,"-0.407343184777633","4.2","98.97955","8.42515689013872","18.2639999389648","44.077"
"Haiti",NA,"11.4","830.113881624145","48","1.9","1.33965419079303","57",NA,NA,"15.8889999389648","48.556"
"Hungary","99.0999999999999","75.6531974544103","14201.4488320148","99","0.1","-0.269378767165116","4.5","101.82841","13.7085085957535","7.91400003433228","29.773"
"IBRD only","87.88014","38.7820493157566","5954.49423470652","88.5043076317694",NA,"0.988646534521237","22.981161936833","105.08484","17.7510239101335","5.36258596672915","47.4113881606508"
"IDA & IBRD total","83.03593","32.6363327794645","4835.20486521006","83.1726944912771","1.12237694619382","1.30680432531291","34.9392283823288","103.12762","17.1642992963557","5.52646110102984","51.7163830626662"
"IDA total","66.38857","13.6944318579499","1413.44192530072","74.0456414227508","2.04730814768858","2.29397544623733","54.1215764473158","99.5032","3.49277197498685","6.09724173716178","64.9193353822073"
"IDA blend","71.57446","17.8059874712738","2127.25626610617","63.7600172619931","2.17232504191096","2.36287789463891","61.8293246844611","95.62258","2.81983799663275","5.73427819178413","59.3823570246562"
"Indonesia","95.11622","17.14","3491.59588685069","78","0.4","1.22204863107965","23.7","104.73789","6.97229924914904","3.88100004196167","47.365"
"IDA only","63.28254","11.6577304836653","1050.07692039805","79.2376922696934","1.97940564363338","2.25995941974016","50.1971058649108","101.26447",NA,"6.23569094829578","67.6605614731697"
"Isle of Man",NA,NA,"89941.6442851908",NA,NA,"0.701083653860315",NA,NA,NA,NA,"47.838"
"India",NA,"21","1576.00401817614","85","0.2","1.18932821143382","37.2","107.86236","8.58625988056907","4.10699987411499","67.616"
"Not classified",NA,NA,NA,NA,NA,NA,NA,NA,NA,NA,NA
"Ireland",NA,"83.4917223351728","55412.9285967265","96","0.2","0.731001376585771","3.2","101.54224","23.3374397615134","9.37600040435791","37.66"
"Iran, Islamic Rep.","84.70524","39.35","5540.98413566175","99","0.1","1.25215631871941","14.3","108.85324",NA,"19.6900005340576","27.17"
"Iraq",NA,"13.21","6703.07473722928","64",NA,"3.2604067585994","27.4",NA,NA,"12.3229999542236","30.242"
"Iceland",NA,"98.16","52855.1404780181","90",NA,"1.11250475522796","1.8","98.18361","16.93751222458","4.78900003433228","6.333"
"Israel",NA,"75.0177531628076","37539.9518166878","95",NA,"1.91954379859591","3.2","104.03085","16.0127869868902","5.91599988937378","7.896"
"Italy",NA,"55.6384602242293","35396.6657242265","95","0.2","0.917504095962437","3","101.59541","7.23986317104997","13.8039999008179","30.728"
"Jamaica","88.0999999999999","40.4027351046672","4839.89210430559","92","1.8","0.35982505421381","14.3",NA,"0.55690547874512","18.2329998016357","45.416"
"Jordan",NA,"46.2","4066.94077543088","98",NA,"4.59753829372987","16",NA,"1.5523906394129","20.8250007629395","10"
"Japan",NA,"89.1068330166075","38109.4121125573","96","0.1","-0.132694222147042","2.1","99.5385299999999","16.6888237188804","3.35599994659424","8.696"
"Kazakhstan",NA,"66","12807.2606866152","95","0.2","1.47267674313494","11.8","111.52415","37.1724729759537","5.95100021362305","42.882"
"Kenya","78.73304","16.5","1335.1231484276","92","5.2","2.6361163551476","36.3","108.10709",NA,"15.4659996032715","74.779"
"Kyrgyz Republic",NA,"28.3","1279.76978265986","96","0.2","2.0061078993716","20.9","108.49125",NA,"9.50699996948242","64.365"
"Cambodia","78.05509","14","1093.7620674767","91","0.6","1.63799953482268","28.9","116.83348","0.500457678208109","0.165000006556511","78.201"
"Kiribati",NA,"12.25","1626.89387190322","75",NA,"1.75626565996421","45.9","113.12002","2.68877781402193",NA,"49.227"
"St. Kitts and Nevis",NA,"68","17061.3029555747","97",NA,"1.06634751599625","11.7",NA,"27.5727796135162",NA,"69.115"
"Korea, Rep.",NA,"87.5568264944747","27811.36638377","99",NA,"0.628149861433639","3.1","97.04419","26.880549785293","3.48900008201599","18.293"
"Kuwait",NA,"78.7","42996.3152212942","95","0.1","4.98868141274667","7.8","103.38667","0.129891795978651","5.15899991989136","0"
"Latin America & Caribbean (excluding high income)","92.70338","46.8178402918231","9736.74026333593","87.6715881294938","0.515805747389616","1.14150372235942","16.5105624973879","109.39751","12.2162511834556","7.23821204433226","21.5187792447397"
"Lao PDR",NA,"14.26","2017.58778126205","88","0.3","1.25225854939908","53","118.86858","24.9449222410019","0.60699999332428","67.513"
"Lebanon",NA,"73","8660.03692753065","79","0.1","6.01643946001496","7.4","94.31361","2.06916531374849","10.6099996566772","12.053"
"Liberia",NA,"5.41","716.052908657476","50","1.6","2.40753043252977","61.2","95.86035",NA,"2.29200005531311","50.603"
"Libya",NA,"17.76","6631.52904725951","94",NA,"0.131257257710439","11.8",NA,NA,"27.1159992218018","20.991"
"St. Lucia",NA,"39.7","8596.35169828401","99",NA,"0.432287561716184","15.8",NA,"5.18362047820194","25.5389995574951","81.518"
"Latin America & Caribbean","92.87993","48.6168531054745","10278.2408909878","88.2706025071067","0.513403028317184","1.10768163490471","15.9","108.96343","11.2034296839035","7.33310715469247","20.3652072815457"
"Least developed countries: UN classification","61.68538","10.3984046242636","1038.05231148119","78.1050283877126","2.02048472618713","2.42281224269784","51.5235292995891","102.45594",NA,"6.27448294729228","68.530694820341"
"Low income","59.2793","8.97929345670781","834.779256676144","74.8095565580591","2.95985418307211","2.57296303687404","53.1","101.56225",NA,"6.37043301546889","68.7980512504305"
"Liechtenstein",NA,"95.21","179308.075615568",NA,NA,"0.79231360522745",NA,"102.66099",NA,NA,"85.687"
"Sri Lanka",NA,"25.8","3820.54064998739","99","0.1","0.899512787210326","8.5","101.24334","0.907765064565764","7.30200004577637","81.782"
"Lower middle income","75.36975","22.6011122052895","2063.06391209794","79.4396311354163","0.624114661398133","1.48665733577604","40.9","103.92902","11.3528909967043","5.10049040441842","61.4512996225624"
"Low & middle income","82.96363","32.0608779868218","4658.30337991434","83.0726304794767","1.13037884492191","1.31639020909684","35.1624357223075","103.07711","17.8521363299366","5.44285260702631","52.1303866778211"
"Lesotho","76.6352","22","1218.46610643407","93","23.5","1.33349508542395","70.9","106.324",NA,"27.4009990692139","73.498"
"Late-demographic dividend","95.55239","50.9098012062194","8807.09026716713","97.3607789951961",NA,"0.619958002091465","11.1652375716144","102.06338","19.162275056113","4.75322494825703","41.0621363145431"
"Lithuania",NA,"72.13","16545.1226673996","93","0.1","-0.859827343070249","4","101.57557","10.1357504689213","9.22500038146973","32.892"
"Luxembourg",NA,"94.67","119225.380022773","99","0.2","2.35697870484045","2.2","97.11412","5.70360125769017","5.76599979400635","10.116"
"Latvia",NA,"75.83","15716.3690672011","92",NA,"-0.941743354234222","4.7","99.8206","15.0458088923087","9.83699989318848","32.048"
"Macao SAR, China",NA,"69.78","94004.3898288491",NA,NA,"2.22227169495604",NA,"100.89144","0.163745252402179","1.4559999704361","0"
"St. Martin (French part)",NA,NA,NA,NA,NA,"0.847219769659737",NA,NA,NA,NA,NA
"Morocco",NA,"56.8","3154.51348420947","99","0.1","1.44790425119677","22.9","109.67567","5.3138369362681","10.1800003051758","39.744"
"Monaco",NA,"92.4","185152.527227439","99",NA,"0.423111415291069","2.9",NA,NA,NA,"0"
"Moldova",NA,"67","2244.75530830835","90","0.5","-0.0609701011007674","14","93.06422","4.8067740842113","3.10400009155273","57.504"
"Madagascar",NA,"3.7","452.463192574895","73","0.2","2.70109745083855","36.1","145.24914","0.571462588123651","1.23599994182587","65.466"
"Maldives","98.61012","49.28","9056.65343979878","99",NA,"2.69366023648438","8",NA,NA,"6.10200023651123","61.894"
"Middle East & North Africa","78.48583","40.2402167124595","8473.74622806702","87.9226536614721",NA,"1.95592113388206","20.6","103.82229","4.61683137345716","18.3278637676825","36.1454084303986"
"Mexico","94.55588","44.39","10582.4105262309","87","0.3","1.36624560463928","13.2","105.17832","15.9921956045596","4.86800003051758","21.007"
"Marshall Islands",NA,"16.8","3461.7811637491","78",NA,"0.198692480048187","30",NA,NA,NA,"24.616"
"Middle income","85.05551","34.8605599137774","5142.30105938755","84.9350097559689","0.888223035500332","1.1596628640626","30.8886114874937","103.40661","17.9620805246718","5.31320105133281","50.0217348511323"
"Macedonia, FYR",NA,"68.06","5469.21789842179","95","0.1","0.084560614915291","10","91.40527","3.09948975668456","28.617000579834","42.716"
"Mali",NA,"7","845.720640984484","66","1.3","2.90103100869125","71","76.98236",NA,"6.23999977111816","60.804"
"Malta",NA,"73.17","25811.8780046703","99",NA,"1.9967544083193","5.8","101.89638","34.4130283265583","5.32299995422363","5.65300000000001"
"Myanmar",NA,"11.52","1260.418503807","88","0.7","0.920921765027","42.5","101.87261","0.606296651702731","0.912000000476837","70.35"
"Middle East & North Africa (excluding high income)","75.51625","34.8392581629025","4426.7138979302","86.7869280407821","0.104512491896481","1.81506148509985","22.2782156745161","102.67514",NA,"20.1981602977978","39.8742992674876"
"Montenegro",NA,"61","7378.34102152704","91","0.1","0.0970220113323688","4.2",NA,NA,"18.2390003204346","34.529"
"Mongolia",NA,"19.9424474349209","4181.5833128422","99","0.1","1.89161420109324","16.9","101.86889","19.5095054680893","4.47100019454956","31.837"
"Northern Mariana Islands",NA,NA,"15513.6961151502",NA,NA,"0.796288215489398",NA,NA,NA,NA,"8.727"
"Mozambique",NA,"9.236314896","623.286753930288","79","13","2.90069572870848","58.9","105.4678","5.63488024133134","27.1340007781982","66.122"
"Mauritania",NA,"10.7","1326.66865421644","81","0.5","2.94025367689978","57","97.1463799999999",NA,"12.8100004196167","49.797"
"Mauritius","92.47476","44.8032753683379","10153.9382184867","97",NA,"0.181061469451535","13","102.44635","0.0232694126490114","11.335000038147","58.889"
"Malawi","65.14537","5.83","354.318989805753","91","10.3","2.92294017355582","44.1","142.23352","2.52430852860742","6.99200010299683","83.868"
"Malaysia",NA,"63.6654258813225","11183.729432082","97","0.4","1.73957920597507","6.4","104.58289","43.874046652832","3.22499990463257","26.423"
"North America",NA,"74.4268352717389","54295.3424183322","94.6427887410013",NA,"0.788482346869017","5.8","99.84405","17.3286832771915","6.09834036502782","18.5401794323882"
"Namibia",NA,"14.84","5392.71242089285","88","12.6","2.3242373421871","36.1",NA,"2.68086362234699","20.3199996948242","54.174"
"New Caledonia","97.8","70",NA,NA,NA,"1.65510642970682",NA,NA,"13.0548203618819","15.6470003128052","31.069"
"Niger",NA,"1.24867568902241","429.790957778857","75","0.4","3.84268093441677","53.5","69.7914399999999","57.1481530503223","0.238000005483627","83.781"
"Nigeria",NA,"21","3221.67811590831","43","2.9","2.65955070115917","71","90.0574199999999","2.10433253043673","4.08799982070923","53.018"
"Nicaragua",NA,"17.6","1975.46470748978","98","0.2","1.14134116727036","16.4",NA,"0.385908705339625","5.61399984359741","42.3"
"Netherlands",NA,"91.666666","52157.4068701887","96","0.2","0.359828172726548","3.5","102.42479","19.9018385836006","7.75699996948242","10.31"
"Norway",NA,"96.3","97199.9190963458","93","0.1","1.12773667734928","2.3","99.83147","20.7379774262997","3.22699999809265","19.308"
"Nepal",NA,"15.44","706.238697681072","92","0.2","1.20029747230758","31.2","134.75446","0.173122492958926","2.5460000038147","81.818"
"Nauru",NA,NA,"9872.63831364996","95",NA,"9.10923095078517","29.4","105.76408",NA,NA,"0"
"New Zealand",NA,"85.5","44560.6403694048","93","0.1","1.51033948544577","4.7","97.61998","9.11055074796012","6.07999992370605","13.719"
"OECD members",NA,"73.8900054091998","38776.5708497416","94.336519130082",NA,"0.665046907362509","6.30920882607956","102.12848","16.7427596312358","7.45810323293013","20.1804658089652"
"Oman","91.9812","70.22","20469.1386524373","99",NA,"6.50465955097181","9.6","110.41774","4.32785647422481","12.003999710083","19.855"
"Other small states","82.67978","39.7137343536176","15573.5914168044","86.0323452927187","7.98967282583933","2.20558468933363","41.3604903816837","104.80774","4.58274538793713","14.0018812816532","40.543418763399"
"Pakistan","56.97715","12","1316.98096583434","69","0.1","2.08779242867002","66.4","93.24638","1.41368704031748","2.02900004386902","64.181"
"Panama",NA,"44.92","12787.3061955961","80","0.9","1.69263169424324","15.3","98.99804","5.45347943339558","6.09299993515015","33.629"
"Peru","93.70795","40.2","6492.05320821897","88","0.4","1.32482977815291","13.1","101.42063","3.83817562499456","3.06900000572205","22.827"
"Philippines",NA,"49.6","2842.93835295221","67","0.1","1.63281924948264","23.3","113.89061","48.9966443324474","3.72099995613098","53.907"
"Palau",NA,NA,"11646.6815208116","95",NA,"0.828300065770022","14.5","114.85634","20.1803022764151",NA,"22.483"
"Papua New Guinea",NA,"6.5","2973.27054935779","73","0.9","2.12300259824567","45.7",NA,NA,"1.692999958992","87.012"
"Poland",NA,"66.6","14345.1860569374","98",NA,"-0.0748462292920506","4.3","99.33656","8.69597265946011","9.58800029754639","39.597"
"Pre-demographic dividend","59.2573","12.3479814112254","1840.63652141903","69.891641599373","3.2997391970958","2.94250686007886","58.5508875068189","98.13935",NA,"6.92438181964294","61.0236762360843"
"Puerto Rico",NA,NA,"28981.4573305866",NA,NA,"-1.6331283312239",NA,"88.0133",NA,"11.9670000076294","6.349"
"Korea, Dem. Peopleâ€™s Rep.",NA,NA,NA,"93",NA,"0.520483861451136","17",NA,NA,"3.61800003051758","38.902"
"Portugal",NA,"64.59","22077.5361325219","98","0.6","-0.539190466792077","3","107.6059","4.38063586936397","14.326000213623","37.064"
"Paraguay","94.61672","43","6146.66405510882","93","0.5","1.33420075039613","19.6",NA,"6.13331879590813","6.81699991226196","39.526"
"West Bank and Gaza","96.4283899999999","53.67","2960.77800405245",NA,NA,"2.95799495489124","18.9","95.16964","0.234064749613175","38.5890007019043","24.887"
"Pacific island small states",NA,"24.7368187548259","3777.92721939421","85.7496469451464",NA,"1.27880106693566","21.6592464820699","109.61871","3.00424258474267","5.68128482729234","61.9659734697943"
"Post-demographic dividend",NA,"77.3991187021954","42821.2017390523","92.5241930495264",NA,"0.466037092890147","4.38142049884853","101.22715","17.9405845267139","7.35912954108429","19.4298819946904"
"French Polynesia",NA,"60.68",NA,NA,NA,"0.712555745989082",NA,NA,"14.8185532253212","22.30299949646","38.367"
"Qatar",NA,"91.49","86852.710189198","89","0.1","5.36123596355156","7.1","99.34701","0.0489981703227923","0.990000009536743","1.13200000000001"
"Romania",NA,"54.08","10026.9735781794","94","0.1","-0.374575497762261","8.4",NA,"6.44905814350025","6.09299993515015","46.1"
"Russian Federation",NA,"70.52","14125.9087274272","97","0.9","0.217700100552035","7.8","98.65293","11.4516727325293","4.82100009918213","26.05"
"Rwanda","70.80413","10.6","706.596709795842","98","2.9","2.5007965300158","33","136.44293","11.8991430224597","1.26699995994568","83.033"
"South Asia","69.66934","19.0832762245184","1499.47880728169","83.2913367146254","0.178362331293801","1.32626360298084","41.3","106.49005","7.88562257911246","4.32878597699501","67.6882730639397"
"Saudi Arabia",NA,"64.713657369019","24575.4030378327","98",NA,"2.74137581980351","7.8","118.19778","0.57633540470278","21.6590003967285","17.04"
"Sudan",NA,"24.64","2176.89802874983","94","0.2","2.38118455988502","47","72.67468",NA,"23.3770008087158","66.311"
"Senegal",NA,"17.7","1359.18935082349","89","0.5","2.97087779692571","36.3","84.1501399999999","1.25636650761811","7.18900012969971","54.564"
"Singapore","96.71666","79.0292358633435","56957.0785737742","96","0.2","1.29844017799226","2.1",NA,"47.1824035562881","2.88299989700317","0"
"Solomon Islands",NA,"9","2036.9420559205","77",NA,"2.10557753043035","19.2","113.22919",NA,"2.12700009346008","78.104"
"Sierra Leone",NA,"6.057298984","708.439475708292","83","1.5","2.24393810839476","91.8",NA,"0.0272925599667727","3.82100009918213","59.568"
"El Salvador",NA,"24.7617121459061","3595.7907332513","94","0.6","0.485351774818735","13.9","106.76542","4.71472520503942","3.13499999046326","31.126"
"San Marino",NA,NA,"54766.5130675886","84",NA,"1.08991226700701","2.3",NA,NA,NA,"3.441"
"Somalia",NA,"1.63","485.602061068687","42","0.2","2.85828597763128","86.6",NA,NA,"6.84499979019165","57.321"
"Serbia",NA,"62.0750804639377","6200.17322102474","93","0.1","-0.469489291237153","5.8","101.13116",NA,"20.2840003967285","44.417"
"Sub-Saharan Africa (excluding high income)","63.0425","14.6830400486311","1864.85882461208","71.247688431536","4.37376044929333","2.75889341732704","56.6503712610154","98.38513","3.95769335559214","7.79949845088205","62.0211842834984"
"South Sudan",NA,"4.51615373","1309.48738115369","39","2.6","3.11346113549839","62.5",NA,NA,"13.2279996871948","81.374"
"Sub-Saharan Africa","63.04676","14.6865236009135","1866.05680671136","71.2490256341169","4.37376044929333","2.75878094134121","56.7","98.38594","3.96348932664388","7.79949845088205","62.0195988107329"
"Small states","84.29626","40.4491782986644","13834.9678016893","86.9485148228419","6.64492015358845","1.84750286995543","36.9577592513166","104.39542","4.60512283808434","13.6972989933224","43.4861100312506"
"Sao Tome and Principe",NA,"24.41","1824.37921729398","95",NA,"2.23158997218063","28.1","106.92851","0.77049670855775","21.5279998779297","30.787"
"Suriname",NA,"40.08","9554.56228848744","85","1.3","0.988207603930652","19.2","118.29303","20.7493847806395","11.8959999084473","33.911"
"Slovak Republic",NA,"79.98","18629.7796630086","97","0.1","0.0970454215834878","5.1","99.77968","10.2172240551109","13.6280002593994","46"
"Slovenia","99.7","71.59","24202.4308360444","95","0.1","0.0983519219451147","2","99.14044","5.84072143444127","10.5500001907349","46.443"
"Sweden",NA,"92.52","59180.1989776727","97",NA,"0.992219728591882","2.4","120.86082","13.8815840218901","7.61600017547607","13.753"
"Eswatini",NA,"26.17500573","3379.89649909261","98","28.4","1.84228953374853","46.5","109.07487",NA,"27.2639999389648","76.851"
"Sint Maarten (Dutch part)",NA,NA,NA,NA,NA,"2.90226583447676",NA,NA,NA,NA,"0"
"Seychelles",NA,"51.25470199","14700.3631319351","99",NA,"1.55539570911507","12.4","115.43097","5.61199134126787",NA,"45.031"
"Syrian Arab Republic",NA,"28.09",NA,"43",NA,"-3.10722942472029","14",NA,NA,"37.4879989624023","48.5"
"Turks and Caicos Islands",NA,NA,NA,NA,NA,"1.88794932440652",NA,NA,NA,NA,"8.149"
"Chad",NA,"2.9","1025.99851471508","36","1.4","3.26470636520054","78.4","102.74683",NA,"6.74399995803833","77.628"
"East Asia & Pacific (IDA & IBRD countries)","95.06234","42.0464015786606","6370.64782996502","91.9274393723922",NA,"0.732491731179238","15.6380526318285","102.433","25.6156316274112","3.59826363250659","48.4275179757508"
"Europe & Central Asia (IDA & IBRD countries)","98.87219","57.7917904432631","10265.7776149285","91.0546707340571","0.59573805624539","0.525391516064275","12.9648747982447","100.93275","9.8619630778098","7.41462713570684","34.3452973120342"
"Togo",NA,"5.7","632.0313103591","87","2.5","2.60621232342394","53.3","123.01077","0.154367626167448","1.557000041008","60.421"
"Thailand",NA,"34.89","5953.79392783362","99","1.2","0.400860710627252","9.4","102.03101","20.4314399887848","0.564999997615814","53.057"
"Tajikistan","99.8","17.49","1104.45901890381","97","0.2","2.23624561579731","32.2","95.89454",NA,"11.1859998703003","73.345"
"Turkmenistan","99.7","12.2","7962.36582439665","98",NA,"1.8456805286165","44.4","88.40174",NA,"3.81500005722046","50.079"
"Latin America & the Caribbean (IDA & IBRD countries)","92.72364","48.9456618220403","10194.2062134613","88.1346392607186","0.514020788947989","1.1407119597346","15.994178484178","109.15978","11.2041381388619","7.37450933374557","20.3752234881334"
"Timor-Leste",NA,"17.5","3335.54856721641","77",NA,"2.37356690597733","44.9","121.61613",NA,"4.34499979019165","70.867"
"Middle East & North Africa (IDA & IBRD countries)","75.28407","34.5997764517687","4444.10449836476","86.7869280407821","0.104512491896481","1.8009385401219","22.3350734754792","102.76139",NA,"20.0073029082125","40.0547048012853"
"Tonga",NA,"35.95444145","4196.47059286118","80",NA,"0.43010818993907","14.7","108.03995","2.37489046596501","1.55400002002716","76.672"
"South Asia (IDA & IBRD)","69.66934","19.0832762245184","1499.47880728169","83.2913367146254","0.178362331293801","1.32626360298084","41.3492421113065","106.49005","7.88562257911246","4.32878597699501","67.6882730639397"
"Sub-Saharan Africa (IDA & IBRD countries)","63.04676","14.6865236009135","1866.05680671136","71.2490256341169","4.37376044929333","2.75878094134121","56.6484343549075","98.38594","3.96348932664388","7.79949845088205","62.0195988107329"
"Trinidad and Tobago",NA,"65.1","20081.5219089708","92","1.2","0.462124274131652","25.2",NA,"0.126552616045659","3.92899990081787","46.587"
"Tunisia","79.03643","46.16","4274.29283230237","98","0.1","1.16751285301122","12.5","113.16395","5.48779707668275","21.5139999389648","32.228"
"Turkey","95.4396299999999","51.04","12127.4614576299","96",NA,"1.62719411336179","12.4","106.50633","1.9351516399648","11.7130002975464","26.923"
"Tuvalu",NA,"39.2","3418.64571872645","89",NA,"0.819261727790581","23","113.58913",NA,NA,"41.214"
"Tanzania",NA,"7","950.818302792702","97","4.8","3.10757241505603","42.4","82.62456","2.73666574097581","2.67899990081787","69.096"
"Uganda",NA,"16.9","702.795104025366","85","6.5","3.35065035255058","41",NA,"2.44268756868802","2.49499988555908","78.496"
"Ukraine",NA,"46.2359754571651","3104.65829575449","23","0.9","-0.479615926390299","8.4","99.87748","6.51215662632922","7.52199983596802","31.032"
"Upper middle income","94.55732","48.5633969501183","8624.58071703883","94.0942970516495",NA,"0.792397691121423","13.2","102.56307","19.7036078500167","5.45133045426296","37.1044195196213"
"Uruguay","98.43593","61.46","16737.8982724965","95","0.6","0.338071762249168","8","108.55472","7.92979392849033","8.35900020599365","5.05500000000001"
"United States",NA,"73","54696.7261652327","95",NA,"0.752305212009722","5.9","99.67338","18.229382922769","6.06199979782104","18.517"
"Uzbekistan","99.9805499999999","35.5","2050.44841384558","99","0.2","1.68690035915161","24.3","98.08591",NA,"7.83099985122681","49.15"
"St. Vincent and the Grenadines",NA,"47.4","6654.48400295932","98",NA,"0.0338398645976295","16.5","104.71845","0.323417797811414","19.7689990997314","49.442"
"Venezuela, RB",NA,"57","15692.412877729","78",NA,"1.37753895895118","16.9","100.4884",NA,"7.76200008392334","11.856"
"British Virgin Islands",NA,NA,NA,NA,NA,"1.81438713067385",NA,"97.58785",NA,NA,"53.784"
"Virgin Islands (U.S.)",NA,"50.07","33573.0970301435",NA,NA,"-0.148197574453849",NA,NA,NA,"8.09200000762939","4.78700000000001"
"Vietnam",NA,"41","2012.0462904122","95","0.4","1.13799856517651","17.5","109.20738","26.9315177782514","1.83800005912781","66.885"
"Vanuatu","84.7","18.8","3148.3651032298","86",NA,"2.22981472484446","24",NA,NA,"6.04300022125244","75.139"
"World","85.80934","39.7719529967186","10890.5165812796","84.3207306346154","0.8","1.1994940206521","32.2","102.99933","17.103413612537","5.8744774371083","46.5367001608419"
"Samoa",NA,"21.2","4187.23059850884","81",NA,"0.800428242355048","15.2","106.02638","1.67064114736712","10.4139995574951","80.851"
"Kosovo",NA,NA,"4054.72133937609",NA,NA,"-0.126169138215933",NA,NA,NA,NA,NA
"Yemen, Rep.",NA,"22.55","1647.03365674887","73",NA,"2.58590538315139","43.2",NA,"1.20914096156856","26.1280002593994","65.835"
"South Africa","94.1399","49","6429.02394967082","77","18.7","1.4259250442763","32.5","98.4859","5.91675539585431","27.0400009155273","35.688"
"Zambia",NA,"19","1738.08820161939","86","12.1","3.04021077215453","46.3",NA,"1.70407091359869","8.42700004577637","58.618"
"Zimbabwe","88.69342","16.3647399572904","1264.98382557379","91","14.2","2.34479907008461","42.3",NA,"1.71449246926381","5.81799983978271","67.496"
